{"cameraMode":{"drawMode":0,"name":"Shaded","section":"Shading Mode"},"sceneLighting":true,"audioPlay":false,"sceneViewState":{"showFog":true,"showMaterialUpdate":false,"showSkybox":true,"showFlares":true,"showImageEffects":true,"showParticleSystems":true,"showVisualEffectGraphs":true,"m_FxEnabled":true},"in2DMode":false,"pivot":{"x":12.954376220703125,"y":-15.935735702514649,"z":25.14708137512207},"rotation":{"x":-0.0005364884273149073,"y":0.9992073178291321,"z":-0.014387832954525948,"w":-0.037191763520240787},"size":31.386098861694337,"orthographic":true}